[null,{"name":"ping","permissions":"NONE","restriction":"1","_id":"HYyLG","actions":[{"channel":"0","varName":"","message":"pong","storage":"0","varName2":"","name":"Send Message"}]},{"name":"is-chad-a-nigger","permissions":"NONE","restriction":"1","_id":"OBRAl","actions":[{"channel":"0","varName":"","message":"yes","storage":"0","varName2":"","name":"Send Message"},{"channel":"0","varName":"","message":"yes","storage":"0","varName2":"","name":"Send Message"},{"channel":"0","varName":"","message":"yes","storage":"0","varName2":"","name":"Send Message"}]}]